-- =====================================================
-- 시드 데이터: 건물·호실·부서 (예시)
-- 실제 교회 데이터로 교체해서 사용
-- =====================================================

-- 건물
insert into buildings (id, name, display_order) values
  ('11111111-1111-1111-1111-111111111111', '본당', 1),
  ('22222222-2222-2222-2222-222222222222', '교육관', 2);

-- 본당 층/호실
insert into floors (id, building_id, label, display_order) values
  ('a1a1a1a1-0000-0000-0000-000000000001', '11111111-1111-1111-1111-111111111111', '1F', 1),
  ('a1a1a1a1-0000-0000-0000-000000000002', '11111111-1111-1111-1111-111111111111', '2F', 2),
  ('a1a1a1a1-0000-0000-0000-000000000003', '11111111-1111-1111-1111-111111111111', '지하', 3);

insert into rooms (floor_id, name, capacity, map_x, map_y, map_w, map_h, display_order) values
  ('a1a1a1a1-0000-0000-0000-000000000001', '대예배실', 800, 5, 5, 90, 60, 1),
  ('a1a1a1a1-0000-0000-0000-000000000001', '소예배실', 80, 5, 70, 40, 25, 2),
  ('a1a1a1a1-0000-0000-0000-000000000001', '101호 회의실', 20, 50, 70, 20, 25, 3),
  ('a1a1a1a1-0000-0000-0000-000000000001', '102호 회의실', 20, 75, 70, 20, 25, 4),
  ('a1a1a1a1-0000-0000-0000-000000000002', '201호 교육실', 30, 5, 5, 30, 40, 1),
  ('a1a1a1a1-0000-0000-0000-000000000002', '202호 교육실', 30, 40, 5, 30, 40, 2),
  ('a1a1a1a1-0000-0000-0000-000000000002', '203호 친교실', 50, 5, 50, 65, 45, 3),
  ('a1a1a1a1-0000-0000-0000-000000000003', '식당', 200, 5, 5, 90, 90, 1);

-- 교육관
insert into floors (id, building_id, label, display_order) values
  ('b2b2b2b2-0000-0000-0000-000000000001', '22222222-2222-2222-2222-222222222222', '1F', 1),
  ('b2b2b2b2-0000-0000-0000-000000000002', '22222222-2222-2222-2222-222222222222', '2F', 2);

insert into rooms (floor_id, name, capacity, map_x, map_y, map_w, map_h, display_order) values
  ('b2b2b2b2-0000-0000-0000-000000000001', '유치부실', 40, 5, 5, 45, 90, 1),
  ('b2b2b2b2-0000-0000-0000-000000000001', '유년부실', 40, 50, 5, 45, 90, 2),
  ('b2b2b2b2-0000-0000-0000-000000000002', '청소년부실', 60, 5, 5, 45, 90, 1),
  ('b2b2b2b2-0000-0000-0000-000000000002', '청년부실', 80, 50, 5, 45, 90, 2);

-- 부서
insert into departments (name, display_order) values
  ('교육부', 1),
  ('찬양부', 2),
  ('청년부', 3),
  ('선교부', 4),
  ('관리부', 5);
